GEO.id,GEO.id2,GEO.display-label,HD01_VD01,HD02_VD01
Id,Id2,Geography,Estimate; Total,Margin of Error; Total
0400000US49,49,Utah,2858111,*****
1400000US49001100100,49001100100,"Census Tract 1001, Beaver County, Utah",3570,179
1400000US49001100200,49001100200,"Census Tract 1002, Beaver County, Utah",2944,179
1400000US49003960100,49003960100,"Census Tract 9601, Box Elder County, Utah",2908,266
1400000US49003960200,49003960200,"Census Tract 9602, Box Elder County, Utah",6801,274
1400000US49003960300,49003960300,"Census Tract 9603, Box Elder County, Utah",8256,279
1400000US49003960400,49003960400,"Census Tract 9604, Box Elder County, Utah",5030,284
1400000US49003960500,49003960500,"Census Tract 9605, Box Elder County, Utah",5039,289
1400000US49003960601,49003960601,"Census Tract 9606.01, Box Elder County, Utah",3621,277
1400000US49003960602,49003960602,"Census Tract 9606.02, Box Elder County, Utah",2578,219
1400000US49003960701,49003960701,"Census Tract 9607.01, Box Elder County, Utah",5001,410
1400000US49003960702,49003960702,"Census Tract 9607.02, Box Elder County, Utah",2392,195
1400000US49003960801,49003960801,"Census Tract 9608.01, Box Elder County, Utah",4512,266
1400000US49003960802,49003960802,"Census Tract 9608.02, Box Elder County, Utah",4475,129
1400000US49005000101,49005000101,"Census Tract 1.01, Cache County, Utah",4774,222
1400000US49005000102,49005000102,"Census Tract 1.02, Cache County, Utah",1775,156
1400000US49005000201,49005000201,"Census Tract 2.01, Cache County, Utah",3521,263
1400000US49005000202,49005000202,"Census Tract 2.02, Cache County, Utah",7191,231
1400000US49005000300,49005000300,"Census Tract 3, Cache County, Utah",7228,432
1400000US49005000401,49005000401,"Census Tract 4.01, Cache County, Utah",3652,242
1400000US49005000402,49005000402,"Census Tract 4.02, Cache County, Utah",3378,219
1400000US49005000403,49005000403,"Census Tract 4.03, Cache County, Utah",6208,248
1400000US49005000501,49005000501,"Census Tract 5.01, Cache County, Utah",5399,432
1400000US49005000502,49005000502,"Census Tract 5.02, Cache County, Utah",5955,367
1400000US49005000600,49005000600,"Census Tract 6, Cache County, Utah",6470,588
1400000US49005000701,49005000701,"Census Tract 7.01, Cache County, Utah",4731,296
1400000US49005000702,49005000702,"Census Tract 7.02, Cache County, Utah",3212,390
1400000US49005000800,49005000800,"Census Tract 8, Cache County, Utah",4992,419
1400000US49005000900,49005000900,"Census Tract 9, Cache County, Utah",3186,293
1400000US49005001001,49005001001,"Census Tract 10.01, Cache County, Utah",2862,247
1400000US49005001002,49005001002,"Census Tract 10.02, Cache County, Utah",4803,680
1400000US49005001101,49005001101,"Census Tract 11.01, Cache County, Utah",5450,283
1400000US49005001102,49005001102,"Census Tract 11.02, Cache County, Utah",4365,239
1400000US49005001201,49005001201,"Census Tract 12.01, Cache County, Utah",4937,286
1400000US49005001202,49005001202,"Census Tract 12.02, Cache County, Utah",5970,194
1400000US49005001300,49005001300,"Census Tract 13, Cache County, Utah",6068,299
1400000US49005001401,49005001401,"Census Tract 14.01, Cache County, Utah",4297,259
1400000US49005001402,49005001402,"Census Tract 14.02, Cache County, Utah",3398,266
1400000US49005001500,49005001500,"Census Tract 15, Cache County, Utah",2057,167
1400000US49005980100,49005980100,"Census Tract 9801, Cache County, Utah",75,64
1400000US49007000100,49007000100,"Census Tract 1, Carbon County, Utah",4055,291
1400000US49007000200,49007000200,"Census Tract 2, Carbon County, Utah",4770,341
1400000US49007000300,49007000300,"Census Tract 3, Carbon County, Utah",4414,330
1400000US49007000500,49007000500,"Census Tract 5, Carbon County, Utah",3914,340
1400000US49007000600,49007000600,"Census Tract 6, Carbon County, Utah",3965,356
1400000US49009960100,49009960100,"Census Tract 9601, Daggett County, Utah",714,127
1400000US49011125102,49011125102,"Census Tract 1251.02, Davis County, Utah",4453,489
1400000US49011125103,49011125103,"Census Tract 1251.03, Davis County, Utah",5178,378
1400000US49011125104,49011125104,"Census Tract 1251.04, Davis County, Utah",6290,432
1400000US49011125200,49011125200,"Census Tract 1252, Davis County, Utah",3373,348
1400000US49011125301,49011125301,"Census Tract 1253.01, Davis County, Utah",5130,39
1400000US49011125303,49011125303,"Census Tract 1253.03, Davis County, Utah",10764,517
1400000US49011125304,49011125304,"Census Tract 1253.04, Davis County, Utah",5327,377
1400000US49011125305,49011125305,"Census Tract 1253.05, Davis County, Utah",6425,309
1400000US49011125401,49011125401,"Census Tract 1254.01, Davis County, Utah",12239,626
1400000US49011125403,49011125403,"Census Tract 1254.03, Davis County, Utah",11991,535
1400000US49011125405,49011125405,"Census Tract 1254.05, Davis County, Utah",10240,635
1400000US49011125406,49011125406,"Census Tract 1254.06, Davis County, Utah",7182,377
1400000US49011125501,49011125501,"Census Tract 1255.01, Davis County, Utah",5829,376
1400000US49011125502,49011125502,"Census Tract 1255.02, Davis County, Utah",5522,379
1400000US49011125503,49011125503,"Census Tract 1255.03, Davis County, Utah",4662,334
1400000US49011125600,49011125600,"Census Tract 1256, Davis County, Utah",209,87
1400000US49011125701,49011125701,"Census Tract 1257.01, Davis County, Utah",3614,376
1400000US49011125702,49011125702,"Census Tract 1257.02, Davis County, Utah",3483,322
1400000US49011125801,49011125801,"Census Tract 1258.01, Davis County, Utah",6560,542
1400000US49011125804,49011125804,"Census Tract 1258.04, Davis County, Utah",6996,407
1400000US49011125805,49011125805,"Census Tract 1258.05, Davis County, Utah",6499,542
1400000US49011125807,49011125807,"Census Tract 1258.07, Davis County, Utah",2994,353
1400000US49011125808,49011125808,"Census Tract 1258.08, Davis County, Utah",5889,510
1400000US49011125905,49011125905,"Census Tract 1259.05, Davis County, Utah",5996,527
1400000US49011125906,49011125906,"Census Tract 1259.06, Davis County, Utah",7079,481
1400000US49011125907,49011125907,"Census Tract 1259.07, Davis County, Utah",2038,153
1400000US49011125908,49011125908,"Census Tract 1259.08, Davis County, Utah",4663,285
1400000US49011126001,49011126001,"Census Tract 1260.01, Davis County, Utah",4766,339
1400000US49011126002,49011126002,"Census Tract 1260.02, Davis County, Utah",5719,395
1400000US49011126101,49011126101,"Census Tract 1261.01, Davis County, Utah",6052,372
1400000US49011126104,49011126104,"Census Tract 1261.04, Davis County, Utah",11984,493
1400000US49011126105,49011126105,"Census Tract 1261.05, Davis County, Utah",6739,306
1400000US49011126202,49011126202,"Census Tract 1262.02, Davis County, Utah",10057,402
1400000US49011126203,49011126203,"Census Tract 1262.03, Davis County, Utah",4225,268
1400000US49011126204,49011126204,"Census Tract 1262.04, Davis County, Utah",4883,297
1400000US49011126303,49011126303,"Census Tract 1263.03, Davis County, Utah",4603,303
1400000US49011126304,49011126304,"Census Tract 1263.04, Davis County, Utah",6104,273
1400000US49011126305,49011126305,"Census Tract 1263.05, Davis County, Utah",2275,181
1400000US49011126306,49011126306,"Census Tract 1263.06, Davis County, Utah",7499,426
1400000US49011126402,49011126402,"Census Tract 1264.02, Davis County, Utah",3538,279
1400000US49011126404,49011126404,"Census Tract 1264.04, Davis County, Utah",6418,330
1400000US49011126405,49011126405,"Census Tract 1264.05, Davis County, Utah",3898,283
1400000US49011126406,49011126406,"Census Tract 1264.06, Davis County, Utah",4424,391
1400000US49011126500,49011126500,"Census Tract 1265, Davis County, Utah",6376,356
1400000US49011126600,49011126600,"Census Tract 1266, Davis County, Utah",4910,318
1400000US49011126700,49011126700,"Census Tract 1267, Davis County, Utah",4406,398
1400000US49011126801,49011126801,"Census Tract 1268.01, Davis County, Utah",3180,227
1400000US49011126802,49011126802,"Census Tract 1268.02, Davis County, Utah",4677,253
1400000US49011126901,49011126901,"Census Tract 1269.01, Davis County, Utah",5918,540
1400000US49011126902,49011126902,"Census Tract 1269.02, Davis County, Utah",6247,486
1400000US49011127002,49011127002,"Census Tract 1270.02, Davis County, Utah",7346,556
1400000US49011127003,49011127003,"Census Tract 1270.03, Davis County, Utah",5743,387
1400000US49011127004,49011127004,"Census Tract 1270.04, Davis County, Utah",7838,443
1400000US49011127100,49011127100,"Census Tract 1271, Davis County, Utah",7196,369
1400000US49013940300,49013940300,"Census Tract 9403, Duchesne County, Utah",4592,312
1400000US49013940500,49013940500,"Census Tract 9405, Duchesne County, Utah",7947,233
1400000US49013940600,49013940600,"Census Tract 9406, Duchesne County, Utah",6839,359
1400000US49015976200,49015976200,"Census Tract 9762, Emery County, Utah",3856,229
1400000US49015976300,49015976300,"Census Tract 9763, Emery County, Utah",3583,258
1400000US49015976500,49015976500,"Census Tract 9765, Emery County, Utah",3395,251
1400000US49017000300,49017000300,"Census Tract 3, Garfield County, Utah",2559,201
1400000US49017000400,49017000400,"Census Tract 4, Garfield County, Utah",2546,201
1400000US49019000200,49019000200,"Census Tract 2, Grand County, Utah",4545,208
1400000US49019000300,49019000300,"Census Tract 3, Grand County, Utah",4803,208
1400000US49021110100,49021110100,"Census Tract 1101, Iron County, Utah",3897,262
1400000US49021110200,49021110200,"Census Tract 1102, Iron County, Utah",8295,642
1400000US49021110300,49021110300,"Census Tract 1103, Iron County, Utah",3555,416
1400000US49021110400,49021110400,"Census Tract 1104, Iron County, Utah",4638,461
1400000US49021110500,49021110500,"Census Tract 1105, Iron County, Utah",9511,563
1400000US49021110600,49021110600,"Census Tract 1106, Iron County, Utah",6002,591
1400000US49021110701,49021110701,"Census Tract 1107.01, Iron County, Utah",6230,637
1400000US49021110702,49021110702,"Census Tract 1107.02, Iron County, Utah",4597,433
1400000US49023010100,49023010100,"Census Tract 101, Juab County, Utah",5481,111
1400000US49023010200,49023010200,"Census Tract 102, Juab County, Utah",4868,111
1400000US49025130100,49025130100,"Census Tract 1301, Kane County, Utah",2327,133
1400000US49025130200,49025130200,"Census Tract 1302, Kane County, Utah",4894,133
1400000US49027974100,49027974100,"Census Tract 9741, Millard County, Utah",5055,304
1400000US49027974200,49027974200,"Census Tract 9742, Millard County, Utah",2794,255
1400000US49027974300,49027974300,"Census Tract 9743, Millard County, Utah",4733,285
1400000US49029970100,49029970100,"Census Tract 9701, Morgan County, Utah",8525,158
1400000US49029970200,49029970200,"Census Tract 9702, Morgan County, Utah",1430,158
1400000US49031960100,49031960100,"Census Tract 9601, Piute County, Utah",1921,127
1400000US49033950100,49033950100,"Census Tract 9501, Rich County, Utah",2285,*****
1400000US49035100100,49035100100,"Census Tract 1001, Salt Lake County, Utah",1428,161
1400000US49035100200,49035100200,"Census Tract 1002, Salt Lake County, Utah",1303,133
1400000US49035100306,49035100306,"Census Tract 1003.06, Salt Lake County, Utah",5240,459
1400000US49035100307,49035100307,"Census Tract 1003.07, Salt Lake County, Utah",5368,419
1400000US49035100308,49035100308,"Census Tract 1003.08, Salt Lake County, Utah",4187,397
1400000US49035100500,49035100500,"Census Tract 1005, Salt Lake County, Utah",5894,1030
1400000US49035100600,49035100600,"Census Tract 1006, Salt Lake County, Utah",7579,919
1400000US49035100700,49035100700,"Census Tract 1007, Salt Lake County, Utah",2683,303
1400000US49035100800,49035100800,"Census Tract 1008, Salt Lake County, Utah",2514,416
1400000US49035101000,49035101000,"Census Tract 1010, Salt Lake County, Utah",3131,348
1400000US49035101101,49035101101,"Census Tract 1011.01, Salt Lake County, Utah",2052,139
1400000US49035101102,49035101102,"Census Tract 1011.02, Salt Lake County, Utah",3639,326
1400000US49035101200,49035101200,"Census Tract 1012, Salt Lake County, Utah",3871,309
1400000US49035101400,49035101400,"Census Tract 1014, Salt Lake County, Utah",4649,566
1400000US49035101500,49035101500,"Census Tract 1015, Salt Lake County, Utah",3338,332
1400000US49035101600,49035101600,"Census Tract 1016, Salt Lake County, Utah",3759,287
1400000US49035101700,49035101700,"Census Tract 1017, Salt Lake County, Utah",3026,297
1400000US49035101800,49035101800,"Census Tract 1018, Salt Lake County, Utah",3284,272
1400000US49035101900,49035101900,"Census Tract 1019, Salt Lake County, Utah",2384,206
1400000US49035102000,49035102000,"Census Tract 1020, Salt Lake County, Utah",2718,397
1400000US49035102100,49035102100,"Census Tract 1021, Salt Lake County, Utah",1305,138
1400000US49035102300,49035102300,"Census Tract 1023, Salt Lake County, Utah",2870,405
1400000US49035102500,49035102500,"Census Tract 1025, Salt Lake County, Utah",2955,512
1400000US49035102600,49035102600,"Census Tract 1026, Salt Lake County, Utah",3855,442
1400000US49035102701,49035102701,"Census Tract 1027.01, Salt Lake County, Utah",5187,600
1400000US49035102702,49035102702,"Census Tract 1027.02, Salt Lake County, Utah",3964,379
1400000US49035102801,49035102801,"Census Tract 1028.01, Salt Lake County, Utah",6285,584
1400000US49035102802,49035102802,"Census Tract 1028.02, Salt Lake County, Utah",5146,456
1400000US49035102900,49035102900,"Census Tract 1029, Salt Lake County, Utah",4579,375
1400000US49035103000,49035103000,"Census Tract 1030, Salt Lake County, Utah",2854,226
1400000US49035103100,49035103100,"Census Tract 1031, Salt Lake County, Utah",4555,460
1400000US49035103200,49035103200,"Census Tract 1032, Salt Lake County, Utah",4554,390
1400000US49035103300,49035103300,"Census Tract 1033, Salt Lake County, Utah",4199,309
1400000US49035103400,49035103400,"Census Tract 1034, Salt Lake County, Utah",4318,596
1400000US49035103500,49035103500,"Census Tract 1035, Salt Lake County, Utah",4011,296
1400000US49035103600,49035103600,"Census Tract 1036, Salt Lake County, Utah",2675,196
1400000US49035103700,49035103700,"Census Tract 1037, Salt Lake County, Utah",2670,228
1400000US49035103800,49035103800,"Census Tract 1038, Salt Lake County, Utah",2444,266
1400000US49035103900,49035103900,"Census Tract 1039, Salt Lake County, Utah",3723,358
1400000US49035104000,49035104000,"Census Tract 1040, Salt Lake County, Utah",3285,303
1400000US49035104100,49035104100,"Census Tract 1041, Salt Lake County, Utah",3060,223
1400000US49035104200,49035104200,"Census Tract 1042, Salt Lake County, Utah",6210,490
1400000US49035104300,49035104300,"Census Tract 1043, Salt Lake County, Utah",2826,277
1400000US49035104400,49035104400,"Census Tract 1044, Salt Lake County, Utah",2085,165
1400000US49035104700,49035104700,"Census Tract 1047, Salt Lake County, Utah",5326,468
1400000US49035104800,49035104800,"Census Tract 1048, Salt Lake County, Utah",5148,332
1400000US49035104900,49035104900,"Census Tract 1049, Salt Lake County, Utah",3294,275
1400000US49035110102,49035110102,"Census Tract 1101.02, Salt Lake County, Utah",4383,474
1400000US49035110103,49035110103,"Census Tract 1101.03, Salt Lake County, Utah",3764,365
1400000US49035110104,49035110104,"Census Tract 1101.04, Salt Lake County, Utah",5130,345
1400000US49035110200,49035110200,"Census Tract 1102, Salt Lake County, Utah",5556,320
1400000US49035110300,49035110300,"Census Tract 1103, Salt Lake County, Utah",5519,362
1400000US49035110401,49035110401,"Census Tract 1104.01, Salt Lake County, Utah",3372,206
1400000US49035110402,49035110402,"Census Tract 1104.02, Salt Lake County, Utah",3799,263
1400000US49035110500,49035110500,"Census Tract 1105, Salt Lake County, Utah",6097,650
1400000US49035110600,49035110600,"Census Tract 1106, Salt Lake County, Utah",5254,280
1400000US49035110701,49035110701,"Census Tract 1107.01, Salt Lake County, Utah",3723,387
1400000US49035110702,49035110702,"Census Tract 1107.02, Salt Lake County, Utah",5161,345
1400000US49035110800,49035110800,"Census Tract 1108, Salt Lake County, Utah",5476,560
1400000US49035110900,49035110900,"Census Tract 1109, Salt Lake County, Utah",4371,273
1400000US49035111001,49035111001,"Census Tract 1110.01, Salt Lake County, Utah",4845,333
1400000US49035111002,49035111002,"Census Tract 1110.02, Salt Lake County, Utah",5654,398
1400000US49035111101,49035111101,"Census Tract 1111.01, Salt Lake County, Utah",6975,589
1400000US49035111102,49035111102,"Census Tract 1111.02, Salt Lake County, Utah",6023,444
1400000US49035111103,49035111103,"Census Tract 1111.03, Salt Lake County, Utah",5788,461
1400000US49035111201,49035111201,"Census Tract 1112.01, Salt Lake County, Utah",2858,250
1400000US49035111202,49035111202,"Census Tract 1112.02, Salt Lake County, Utah",4841,463
1400000US49035111302,49035111302,"Census Tract 1113.02, Salt Lake County, Utah",5553,438
1400000US49035111304,49035111304,"Census Tract 1113.04, Salt Lake County, Utah",3498,199
1400000US49035111305,49035111305,"Census Tract 1113.05, Salt Lake County, Utah",4172,370
1400000US49035111306,49035111306,"Census Tract 1113.06, Salt Lake County, Utah",2821,384
1400000US49035111400,49035111400,"Census Tract 1114, Salt Lake County, Utah",6995,616
1400000US49035111500,49035111500,"Census Tract 1115, Salt Lake County, Utah",1687,324
1400000US49035111600,49035111600,"Census Tract 1116, Salt Lake County, Utah",7390,577
1400000US49035111701,49035111701,"Census Tract 1117.01, Salt Lake County, Utah",5463,593
1400000US49035111702,49035111702,"Census Tract 1117.02, Salt Lake County, Utah",4345,460
1400000US49035111801,49035111801,"Census Tract 1118.01, Salt Lake County, Utah",5752,428
1400000US49035111802,49035111802,"Census Tract 1118.02, Salt Lake County, Utah",2550,315
1400000US49035111903,49035111903,"Census Tract 1119.03, Salt Lake County, Utah",4259,374
1400000US49035111904,49035111904,"Census Tract 1119.04, Salt Lake County, Utah",3537,277
1400000US49035111905,49035111905,"Census Tract 1119.05, Salt Lake County, Utah",3619,353
1400000US49035111906,49035111906,"Census Tract 1119.06, Salt Lake County, Utah",4209,336
1400000US49035112001,49035112001,"Census Tract 1120.01, Salt Lake County, Utah",3425,261
1400000US49035112002,49035112002,"Census Tract 1120.02, Salt Lake County, Utah",4116,487
1400000US49035112100,49035112100,"Census Tract 1121, Salt Lake County, Utah",7624,553
1400000US49035112201,49035112201,"Census Tract 1122.01, Salt Lake County, Utah",5469,316
1400000US49035112202,49035112202,"Census Tract 1122.02, Salt Lake County, Utah",3953,391
1400000US49035112301,49035112301,"Census Tract 1123.01, Salt Lake County, Utah",4059,392
1400000US49035112302,49035112302,"Census Tract 1123.02, Salt Lake County, Utah",3758,292
1400000US49035112402,49035112402,"Census Tract 1124.02, Salt Lake County, Utah",6218,495
1400000US49035112403,49035112403,"Census Tract 1124.03, Salt Lake County, Utah",5350,468
1400000US49035112404,49035112404,"Census Tract 1124.04, Salt Lake County, Utah",4703,547
1400000US49035112501,49035112501,"Census Tract 1125.01, Salt Lake County, Utah",3966,313
1400000US49035112502,49035112502,"Census Tract 1125.02, Salt Lake County, Utah",6535,558
1400000US49035112503,49035112503,"Census Tract 1125.03, Salt Lake County, Utah",4649,316
1400000US49035112604,49035112604,"Census Tract 1126.04, Salt Lake County, Utah",4686,273
1400000US49035112605,49035112605,"Census Tract 1126.05, Salt Lake County, Utah",7618,513
1400000US49035112608,49035112608,"Census Tract 1126.08, Salt Lake County, Utah",5077,377
1400000US49035112609,49035112609,"Census Tract 1126.09, Salt Lake County, Utah",5641,319
1400000US49035112610,49035112610,"Census Tract 1126.10, Salt Lake County, Utah",4470,336
1400000US49035112611,49035112611,"Census Tract 1126.11, Salt Lake County, Utah",6416,480
1400000US49035112612,49035112612,"Census Tract 1126.12, Salt Lake County, Utah",4039,382
1400000US49035112613,49035112613,"Census Tract 1126.13, Salt Lake County, Utah",4602,254
1400000US49035112614,49035112614,"Census Tract 1126.14, Salt Lake County, Utah",3299,250
1400000US49035112615,49035112615,"Census Tract 1126.15, Salt Lake County, Utah",2325,139
1400000US49035112616,49035112616,"Census Tract 1126.16, Salt Lake County, Utah",4577,276
1400000US49035112617,49035112617,"Census Tract 1126.17, Salt Lake County, Utah",3538,230
1400000US49035112618,49035112618,"Census Tract 1126.18, Salt Lake County, Utah",3227,336
1400000US49035112619,49035112619,"Census Tract 1126.19, Salt Lake County, Utah",3396,320
1400000US49035112700,49035112700,"Census Tract 1127, Salt Lake County, Utah",5441,486
1400000US49035112804,49035112804,"Census Tract 1128.04, Salt Lake County, Utah",5555,422
1400000US49035112805,49035112805,"Census Tract 1128.05, Salt Lake County, Utah",5433,317
1400000US49035112810,49035112810,"Census Tract 1128.10, Salt Lake County, Utah",7753,209
1400000US49035112812,49035112812,"Census Tract 1128.12, Salt Lake County, Utah",5232,301
1400000US49035112813,49035112813,"Census Tract 1128.13, Salt Lake County, Utah",5569,374
1400000US49035112814,49035112814,"Census Tract 1128.14, Salt Lake County, Utah",4672,346
1400000US49035112815,49035112815,"Census Tract 1128.15, Salt Lake County, Utah",5711,333
1400000US49035112816,49035112816,"Census Tract 1128.16, Salt Lake County, Utah",5770,522
1400000US49035112817,49035112817,"Census Tract 1128.17, Salt Lake County, Utah",7727,568
1400000US49035112818,49035112818,"Census Tract 1128.18, Salt Lake County, Utah",2314,412
1400000US49035112819,49035112819,"Census Tract 1128.19, Salt Lake County, Utah",7311,677
1400000US49035112820,49035112820,"Census Tract 1128.20, Salt Lake County, Utah",8412,477
1400000US49035112821,49035112821,"Census Tract 1128.21, Salt Lake County, Utah",7006,566
1400000US49035112822,49035112822,"Census Tract 1128.22, Salt Lake County, Utah",5067,382
1400000US49035112823,49035112823,"Census Tract 1128.23, Salt Lake County, Utah",5061,450
1400000US49035112904,49035112904,"Census Tract 1129.04, Salt Lake County, Utah",6411,380
1400000US49035112905,49035112905,"Census Tract 1129.05, Salt Lake County, Utah",5747,538
1400000US49035112907,49035112907,"Census Tract 1129.07, Salt Lake County, Utah",4435,402
1400000US49035112912,49035112912,"Census Tract 1129.12, Salt Lake County, Utah",2659,285
1400000US49035112913,49035112913,"Census Tract 1129.13, Salt Lake County, Utah",5008,294
1400000US49035112914,49035112914,"Census Tract 1129.14, Salt Lake County, Utah",6263,416
1400000US49035112916,49035112916,"Census Tract 1129.16, Salt Lake County, Utah",5067,319
1400000US49035112917,49035112917,"Census Tract 1129.17, Salt Lake County, Utah",3980,302
1400000US49035112918,49035112918,"Census Tract 1129.18, Salt Lake County, Utah",5547,426
1400000US49035112920,49035112920,"Census Tract 1129.20, Salt Lake County, Utah",4500,336
1400000US49035112921,49035112921,"Census Tract 1129.21, Salt Lake County, Utah",3709,364
1400000US49035113007,49035113007,"Census Tract 1130.07, Salt Lake County, Utah",5590,492
1400000US49035113008,49035113008,"Census Tract 1130.08, Salt Lake County, Utah",6482,354
1400000US49035113010,49035113010,"Census Tract 1130.10, Salt Lake County, Utah",6645,444
1400000US49035113011,49035113011,"Census Tract 1130.11, Salt Lake County, Utah",5827,333
1400000US49035113012,49035113012,"Census Tract 1130.12, Salt Lake County, Utah",5209,347
1400000US49035113013,49035113013,"Census Tract 1130.13, Salt Lake County, Utah",5659,303
1400000US49035113014,49035113014,"Census Tract 1130.14, Salt Lake County, Utah",4400,439
1400000US49035113016,49035113016,"Census Tract 1130.16, Salt Lake County, Utah",6719,499
1400000US49035113017,49035113017,"Census Tract 1130.17, Salt Lake County, Utah",7193,517
1400000US49035113019,49035113019,"Census Tract 1130.19, Salt Lake County, Utah",7103,517
1400000US49035113020,49035113020,"Census Tract 1130.20, Salt Lake County, Utah",13556,858
1400000US49035113101,49035113101,"Census Tract 1131.01, Salt Lake County, Utah",7468,414
1400000US49035113102,49035113102,"Census Tract 1131.02, Salt Lake County, Utah",3817,314
1400000US49035113105,49035113105,"Census Tract 1131.05, Salt Lake County, Utah",4420,357
1400000US49035113107,49035113107,"Census Tract 1131.07, Salt Lake County, Utah",23044,1030
1400000US49035113108,49035113108,"Census Tract 1131.08, Salt Lake County, Utah",4331,286
1400000US49035113305,49035113305,"Census Tract 1133.05, Salt Lake County, Utah",8611,909
1400000US49035113306,49035113306,"Census Tract 1133.06, Salt Lake County, Utah",5324,547
1400000US49035113307,49035113307,"Census Tract 1133.07, Salt Lake County, Utah",7933,710
1400000US49035113308,49035113308,"Census Tract 1133.08, Salt Lake County, Utah",5541,486
1400000US49035113309,49035113309,"Census Tract 1133.09, Salt Lake County, Utah",5408,506
1400000US49035113310,49035113310,"Census Tract 1133.10, Salt Lake County, Utah",2792,379
1400000US49035113406,49035113406,"Census Tract 1134.06, Salt Lake County, Utah",6710,594
1400000US49035113407,49035113407,"Census Tract 1134.07, Salt Lake County, Utah",11062,1003
1400000US49035113408,49035113408,"Census Tract 1134.08, Salt Lake County, Utah",6300,491
1400000US49035113409,49035113409,"Census Tract 1134.09, Salt Lake County, Utah",5823,458
1400000US49035113410,49035113410,"Census Tract 1134.10, Salt Lake County, Utah",6456,478
1400000US49035113411,49035113411,"Census Tract 1134.11, Salt Lake County, Utah",2769,216
1400000US49035113412,49035113412,"Census Tract 1134.12, Salt Lake County, Utah",2680,373
1400000US49035113413,49035113413,"Census Tract 1134.13, Salt Lake County, Utah",5960,544
1400000US49035113505,49035113505,"Census Tract 1135.05, Salt Lake County, Utah",7133,688
1400000US49035113509,49035113509,"Census Tract 1135.09, Salt Lake County, Utah",6847,600
1400000US49035113510,49035113510,"Census Tract 1135.10, Salt Lake County, Utah",3271,461
1400000US49035113511,49035113511,"Census Tract 1135.11, Salt Lake County, Utah",4458,374
1400000US49035113512,49035113512,"Census Tract 1135.12, Salt Lake County, Utah",3506,347
1400000US49035113513,49035113513,"Census Tract 1135.13, Salt Lake County, Utah",6153,524
1400000US49035113514,49035113514,"Census Tract 1135.14, Salt Lake County, Utah",5908,646
1400000US49035113515,49035113515,"Census Tract 1135.15, Salt Lake County, Utah",5781,423
1400000US49035113520,49035113520,"Census Tract 1135.20, Salt Lake County, Utah",4058,313
1400000US49035113521,49035113521,"Census Tract 1135.21, Salt Lake County, Utah",6042,582
1400000US49035113522,49035113522,"Census Tract 1135.22, Salt Lake County, Utah",3473,331
1400000US49035113523,49035113523,"Census Tract 1135.23, Salt Lake County, Utah",6429,379
1400000US49035113525,49035113525,"Census Tract 1135.25, Salt Lake County, Utah",7139,411
1400000US49035113526,49035113526,"Census Tract 1135.26, Salt Lake County, Utah",4890,376
1400000US49035113527,49035113527,"Census Tract 1135.27, Salt Lake County, Utah",4288,329
1400000US49035113528,49035113528,"Census Tract 1135.28, Salt Lake County, Utah",5174,284
1400000US49035113532,49035113532,"Census Tract 1135.32, Salt Lake County, Utah",3494,249
1400000US49035113533,49035113533,"Census Tract 1135.33, Salt Lake County, Utah",4500,338
1400000US49035113534,49035113534,"Census Tract 1135.34, Salt Lake County, Utah",7616,509
1400000US49035113535,49035113535,"Census Tract 1135.35, Salt Lake County, Utah",7220,377
1400000US49035113536,49035113536,"Census Tract 1135.36, Salt Lake County, Utah",4003,435
1400000US49035113537,49035113537,"Census Tract 1135.37, Salt Lake County, Utah",3494,429
1400000US49035113538,49035113538,"Census Tract 1135.38, Salt Lake County, Utah",3712,395
1400000US49035113539,49035113539,"Census Tract 1135.39, Salt Lake County, Utah",4021,479
1400000US49035113600,49035113600,"Census Tract 1136, Salt Lake County, Utah",5208,516
1400000US49035113701,49035113701,"Census Tract 1137.01, Salt Lake County, Utah",4235,268
1400000US49035113702,49035113702,"Census Tract 1137.02, Salt Lake County, Utah",2793,295
1400000US49035113801,49035113801,"Census Tract 1138.01, Salt Lake County, Utah",5381,463
1400000US49035113802,49035113802,"Census Tract 1138.02, Salt Lake County, Utah",3731,455
1400000US49035113803,49035113803,"Census Tract 1138.03, Salt Lake County, Utah",8953,636
1400000US49035113903,49035113903,"Census Tract 1139.03, Salt Lake County, Utah",5451,493
1400000US49035113904,49035113904,"Census Tract 1139.04, Salt Lake County, Utah",5273,412
1400000US49035113905,49035113905,"Census Tract 1139.05, Salt Lake County, Utah",8147,477
1400000US49035113906,49035113906,"Census Tract 1139.06, Salt Lake County, Utah",4266,551
1400000US49035113907,49035113907,"Census Tract 1139.07, Salt Lake County, Utah",8044,823
1400000US49035114000,49035114000,"Census Tract 1140, Salt Lake County, Utah",2080,342
1400000US49035114100,49035114100,"Census Tract 1141, Salt Lake County, Utah",2386,203
1400000US49035114200,49035114200,"Census Tract 1142, Salt Lake County, Utah",4189,291
1400000US49035114300,49035114300,"Census Tract 1143, Salt Lake County, Utah",18601,955
1400000US49035114500,49035114500,"Census Tract 1145, Salt Lake County, Utah",6213,526
1400000US49035114600,49035114600,"Census Tract 1146, Salt Lake County, Utah",7725,509
1400000US49035114700,49035114700,"Census Tract 1147, Salt Lake County, Utah",4952,486
1400000US49035114800,49035114800,"Census Tract 1148, Salt Lake County, Utah",3597,415
1400000US49035115106,49035115106,"Census Tract 1151.06, Salt Lake County, Utah",8099,717
1400000US49035115209,49035115209,"Census Tract 1152.09, Salt Lake County, Utah",6939,782
1400000US49035980000,49035980000,"Census Tract 9800, Salt Lake County, Utah",0,11
1400000US49037942000,49037942000,"Census Tract 9420, San Juan County, Utah",3145,262
1400000US49037942100,49037942100,"Census Tract 9421, San Juan County, Utah",3228,254
1400000US49037978100,49037978100,"Census Tract 9781, San Juan County, Utah",3543,315
1400000US49037978200,49037978200,"Census Tract 9782, San Juan County, Utah",5028,310
1400000US49039972100,49039972100,"Census Tract 9721, Sanpete County, Utah",7998,386
1400000US49039972200,49039972200,"Census Tract 9722, Sanpete County, Utah",4112,371
1400000US49039972300,49039972300,"Census Tract 9723, Sanpete County, Utah",5367,274
1400000US49039972400,49039972400,"Census Tract 9724, Sanpete County, Utah",6456,80
1400000US49039972500,49039972500,"Census Tract 9725, Sanpete County, Utah",4196,180
1400000US49041975100,49041975100,"Census Tract 9751, Sevier County, Utah",4341,278
1400000US49041975200,49041975200,"Census Tract 9752, Sevier County, Utah",2695,194
1400000US49041975300,49041975300,"Census Tract 9753, Sevier County, Utah",4653,257
1400000US49041975400,49041975400,"Census Tract 9754, Sevier County, Utah",3743,287
1400000US49041975500,49041975500,"Census Tract 9755, Sevier County, Utah",5380,325
1400000US49043964101,49043964101,"Census Tract 9641.01, Summit County, Utah",2077,238
1400000US49043964102,49043964102,"Census Tract 9641.02, Summit County, Utah",3731,442
1400000US49043964201,49043964201,"Census Tract 9642.01, Summit County, Utah",3867,370
1400000US49043964202,49043964202,"Census Tract 9642.02, Summit County, Utah",3005,394
1400000US49043964203,49043964203,"Census Tract 9642.03, Summit County, Utah",170,160
1400000US49043964303,49043964303,"Census Tract 9643.03, Summit County, Utah",2659,252
1400000US49043964304,49043964304,"Census Tract 9643.04, Summit County, Utah",5169,541
1400000US49043964305,49043964305,"Census Tract 9643.05, Summit County, Utah",2182,445
1400000US49043964306,49043964306,"Census Tract 9643.06, Summit County, Utah",2334,328
1400000US49043964307,49043964307,"Census Tract 9643.07, Summit County, Utah",4525,461
1400000US49043964308,49043964308,"Census Tract 9643.08, Summit County, Utah",2977,432
1400000US49043964401,49043964401,"Census Tract 9644.01, Summit County, Utah",1774,322
1400000US49043964402,49043964402,"Census Tract 9644.02, Summit County, Utah",3407,405
1400000US49045130600,49045130600,"Census Tract 1306, Tooele County, Utah",2346,341
1400000US49045130701,49045130701,"Census Tract 1307.01, Tooele County, Utah",3599,328
1400000US49045130702,49045130702,"Census Tract 1307.02, Tooele County, Utah",13768,710
1400000US49045130703,49045130703,"Census Tract 1307.03, Tooele County, Utah",7681,525
1400000US49045130800,49045130800,"Census Tract 1308, Tooele County, Utah",5411,430
1400000US49045130900,49045130900,"Census Tract 1309, Tooele County, Utah",4495,414
1400000US49045131001,49045131001,"Census Tract 1310.01, Tooele County, Utah",2934,231
1400000US49045131002,49045131002,"Census Tract 1310.02, Tooele County, Utah",8273,532
1400000US49045131100,49045131100,"Census Tract 1311, Tooele County, Utah",8052,426
1400000US49045131200,49045131200,"Census Tract 1312, Tooele County, Utah",3414,291
1400000US49045980000,49045980000,"Census Tract 9800, Tooele County, Utah",0,11
1400000US49047940201,49047940201,"Census Tract 9402.01, Uintah County, Utah",5810,512
1400000US49047968200,49047968200,"Census Tract 9682, Uintah County, Utah",7642,579
1400000US49047968301,49047968301,"Census Tract 9683.01, Uintah County, Utah",5959,438
1400000US49047968302,49047968302,"Census Tract 9683.02, Uintah County, Utah",4321,469
1400000US49047968401,49047968401,"Census Tract 9684.01, Uintah County, Utah",3993,467
1400000US49047968402,49047968402,"Census Tract 9684.02, Uintah County, Utah",6851,472
1400000US49049000102,49049000102,"Census Tract 1.02, Utah County, Utah",4779,320
1400000US49049000103,49049000103,"Census Tract 1.03, Utah County, Utah",3929,233
1400000US49049000104,49049000104,"Census Tract 1.04, Utah County, Utah",3113,273
1400000US49049000105,49049000105,"Census Tract 1.05, Utah County, Utah",4256,252
1400000US49049000203,49049000203,"Census Tract 2.03, Utah County, Utah",4516,341
1400000US49049000204,49049000204,"Census Tract 2.04, Utah County, Utah",5718,307
1400000US49049000205,49049000205,"Census Tract 2.05, Utah County, Utah",3828,204
1400000US49049000206,49049000206,"Census Tract 2.06, Utah County, Utah",3479,207
1400000US49049000400,49049000400,"Census Tract 4, Utah County, Utah",3782,363
1400000US49049000504,49049000504,"Census Tract 5.04, Utah County, Utah",4396,347
1400000US49049000505,49049000505,"Census Tract 5.05, Utah County, Utah",3154,247
1400000US49049000506,49049000506,"Census Tract 5.06, Utah County, Utah",3874,346
1400000US49049000507,49049000507,"Census Tract 5.07, Utah County, Utah",1899,149
1400000US49049000508,49049000508,"Census Tract 5.08, Utah County, Utah",4881,317
1400000US49049000509,49049000509,"Census Tract 5.09, Utah County, Utah",6748,589
1400000US49049000601,49049000601,"Census Tract 6.01, Utah County, Utah",3212,192
1400000US49049000603,49049000603,"Census Tract 6.03, Utah County, Utah",4325,248
1400000US49049000604,49049000604,"Census Tract 6.04, Utah County, Utah",2902,199
1400000US49049000703,49049000703,"Census Tract 7.03, Utah County, Utah",5593,379
1400000US49049000706,49049000706,"Census Tract 7.06, Utah County, Utah",5990,451
1400000US49049000707,49049000707,"Census Tract 7.07, Utah County, Utah",3979,234
1400000US49049000708,49049000708,"Census Tract 7.08, Utah County, Utah",3144,211
1400000US49049000709,49049000709,"Census Tract 7.09, Utah County, Utah",2929,169
1400000US49049000710,49049000710,"Census Tract 7.10, Utah County, Utah",2849,189
1400000US49049000711,49049000711,"Census Tract 7.11, Utah County, Utah",2251,214
1400000US49049000801,49049000801,"Census Tract 8.01, Utah County, Utah",5548,483
1400000US49049000802,49049000802,"Census Tract 8.02, Utah County, Utah",5685,513
1400000US49049000901,49049000901,"Census Tract 9.01, Utah County, Utah",5319,359
1400000US49049000903,49049000903,"Census Tract 9.03, Utah County, Utah",3361,206
1400000US49049000904,49049000904,"Census Tract 9.04, Utah County, Utah",2947,235
1400000US49049001001,49049001001,"Census Tract 10.01, Utah County, Utah",3729,289
1400000US49049001002,49049001002,"Census Tract 10.02, Utah County, Utah",2512,243
1400000US49049001103,49049001103,"Census Tract 11.03, Utah County, Utah",2439,230
1400000US49049001105,49049001105,"Census Tract 11.05, Utah County, Utah",3515,454
1400000US49049001106,49049001106,"Census Tract 11.06, Utah County, Utah",2834,233
1400000US49049001107,49049001107,"Census Tract 11.07, Utah County, Utah",3781,338
1400000US49049001108,49049001108,"Census Tract 11.08, Utah County, Utah",3186,334
1400000US49049001201,49049001201,"Census Tract 12.01, Utah County, Utah",4366,385
1400000US49049001202,49049001202,"Census Tract 12.02, Utah County, Utah",5103,378
1400000US49049001300,49049001300,"Census Tract 13, Utah County, Utah",3617,342
1400000US49049001401,49049001401,"Census Tract 14.01, Utah County, Utah",3284,336
1400000US49049001402,49049001402,"Census Tract 14.02, Utah County, Utah",5488,545
1400000US49049001501,49049001501,"Census Tract 15.01, Utah County, Utah",4436,532
1400000US49049001503,49049001503,"Census Tract 15.03, Utah County, Utah",3837,319
1400000US49049001504,49049001504,"Census Tract 15.04, Utah County, Utah",4904,479
1400000US49049001601,49049001601,"Census Tract 16.01, Utah County, Utah",3444,428
1400000US49049001602,49049001602,"Census Tract 16.02, Utah County, Utah",4456,687
1400000US49049001603,49049001603,"Census Tract 16.03, Utah County, Utah",2981,532
1400000US49049001701,49049001701,"Census Tract 17.01, Utah County, Utah",4547,457
1400000US49049001702,49049001702,"Census Tract 17.02, Utah County, Utah",4475,512
1400000US49049001801,49049001801,"Census Tract 18.01, Utah County, Utah",6555,534
1400000US49049001802,49049001802,"Census Tract 18.02, Utah County, Utah",5406,608
1400000US49049001803,49049001803,"Census Tract 18.03, Utah County, Utah",2305,283
1400000US49049001900,49049001900,"Census Tract 19, Utah County, Utah",4984,694
1400000US49049002000,49049002000,"Census Tract 20, Utah County, Utah",6861,679
1400000US49049002101,49049002101,"Census Tract 21.01, Utah County, Utah",4386,256
1400000US49049002102,49049002102,"Census Tract 21.02, Utah County, Utah",2844,234
1400000US49049002201,49049002201,"Census Tract 22.01, Utah County, Utah",6215,914
1400000US49049002204,49049002204,"Census Tract 22.04, Utah County, Utah",3956,309
1400000US49049002205,49049002205,"Census Tract 22.05, Utah County, Utah",3958,385
1400000US49049002206,49049002206,"Census Tract 22.06, Utah County, Utah",3729,364
1400000US49049002207,49049002207,"Census Tract 22.07, Utah County, Utah",3710,256
1400000US49049002300,49049002300,"Census Tract 23, Utah County, Utah",4346,406
1400000US49049002400,49049002400,"Census Tract 24, Utah County, Utah",1094,173
1400000US49049002500,49049002500,"Census Tract 25, Utah County, Utah",4509,336
1400000US49049002701,49049002701,"Census Tract 27.01, Utah County, Utah",3258,301
1400000US49049002702,49049002702,"Census Tract 27.02, Utah County, Utah",5204,400
1400000US49049002801,49049002801,"Census Tract 28.01, Utah County, Utah",4287,393
1400000US49049002802,49049002802,"Census Tract 28.02, Utah County, Utah",1624,192
1400000US49049002901,49049002901,"Census Tract 29.01, Utah County, Utah",5595,484
1400000US49049002902,49049002902,"Census Tract 29.02, Utah County, Utah",3219,283
1400000US49049003001,49049003001,"Census Tract 30.01, Utah County, Utah",4160,211
1400000US49049003002,49049003002,"Census Tract 30.02, Utah County, Utah",2209,154
1400000US49049003103,49049003103,"Census Tract 31.03, Utah County, Utah",2807,197
1400000US49049003104,49049003104,"Census Tract 31.04, Utah County, Utah",4268,325
1400000US49049003105,49049003105,"Census Tract 31.05, Utah County, Utah",3796,311
1400000US49049003106,49049003106,"Census Tract 31.06, Utah County, Utah",2681,243
1400000US49049003201,49049003201,"Census Tract 32.01, Utah County, Utah",2584,287
1400000US49049003203,49049003203,"Census Tract 32.03, Utah County, Utah",3897,289
1400000US49049003204,49049003204,"Census Tract 32.04, Utah County, Utah",2822,256
1400000US49049003205,49049003205,"Census Tract 32.05, Utah County, Utah",4392,279
1400000US49049003300,49049003300,"Census Tract 33, Utah County, Utah",6664,414
1400000US49049003401,49049003401,"Census Tract 34.01, Utah County, Utah",3523,276
1400000US49049003402,49049003402,"Census Tract 34.02, Utah County, Utah",6416,338
1400000US49049003403,49049003403,"Census Tract 34.03, Utah County, Utah",4806,310
1400000US49049010103,49049010103,"Census Tract 101.03, Utah County, Utah",7108,389
1400000US49049010104,49049010104,"Census Tract 101.04, Utah County, Utah",7684,498
1400000US49049010105,49049010105,"Census Tract 101.05, Utah County, Utah",8896,587
1400000US49049010106,49049010106,"Census Tract 101.06, Utah County, Utah",4762,315
1400000US49049010107,49049010107,"Census Tract 101.07, Utah County, Utah",2422,220
1400000US49049010108,49049010108,"Census Tract 101.08, Utah County, Utah",7597,525
1400000US49049010109,49049010109,"Census Tract 101.09, Utah County, Utah",8267,518
1400000US49049010110,49049010110,"Census Tract 101.10, Utah County, Utah",1710,218
1400000US49049010111,49049010111,"Census Tract 101.11, Utah County, Utah",8062,481
1400000US49049010112,49049010112,"Census Tract 101.12, Utah County, Utah",5588,351
1400000US49049010113,49049010113,"Census Tract 101.13, Utah County, Utah",5475,314
1400000US49049010208,49049010208,"Census Tract 102.08, Utah County, Utah",3893,241
1400000US49049010209,49049010209,"Census Tract 102.09, Utah County, Utah",5334,337
1400000US49049010210,49049010210,"Census Tract 102.10, Utah County, Utah",6374,432
1400000US49049010211,49049010211,"Census Tract 102.11, Utah County, Utah",3571,330
1400000US49049010212,49049010212,"Census Tract 102.12, Utah County, Utah",4416,321
1400000US49049010213,49049010213,"Census Tract 102.13, Utah County, Utah",2566,270
1400000US49049010214,49049010214,"Census Tract 102.14, Utah County, Utah",6171,447
1400000US49049010215,49049010215,"Census Tract 102.15, Utah County, Utah",7148,461
1400000US49049010216,49049010216,"Census Tract 102.16, Utah County, Utah",2905,272
1400000US49049010217,49049010217,"Census Tract 102.17, Utah County, Utah",4979,517
1400000US49049010218,49049010218,"Census Tract 102.18, Utah County, Utah",6131,424
1400000US49049010219,49049010219,"Census Tract 102.19, Utah County, Utah",4642,362
1400000US49049010220,49049010220,"Census Tract 102.20, Utah County, Utah",6882,414
1400000US49049010303,49049010303,"Census Tract 103.03, Utah County, Utah",4731,325
1400000US49049010304,49049010304,"Census Tract 103.04, Utah County, Utah",7633,430
1400000US49049010305,49049010305,"Census Tract 103.05, Utah County, Utah",2698,276
1400000US49049010404,49049010404,"Census Tract 104.04, Utah County, Utah",4593,431
1400000US49049010405,49049010405,"Census Tract 104.05, Utah County, Utah",4139,386
1400000US49049010406,49049010406,"Census Tract 104.06, Utah County, Utah",1929,216
1400000US49049010407,49049010407,"Census Tract 104.07, Utah County, Utah",2346,206
1400000US49049010408,49049010408,"Census Tract 104.08, Utah County, Utah",3440,236
1400000US49049010409,49049010409,"Census Tract 104.09, Utah County, Utah",2666,286
1400000US49049010410,49049010410,"Census Tract 104.10, Utah County, Utah",3549,208
1400000US49049010411,49049010411,"Census Tract 104.11, Utah County, Utah",5087,250
1400000US49049010503,49049010503,"Census Tract 105.03, Utah County, Utah",3280,328
1400000US49049010504,49049010504,"Census Tract 105.04, Utah County, Utah",3269,292
1400000US49049010505,49049010505,"Census Tract 105.05, Utah County, Utah",4264,314
1400000US49049010506,49049010506,"Census Tract 105.06, Utah County, Utah",1841,255
1400000US49049010600,49049010600,"Census Tract 106, Utah County, Utah",3848,280
1400000US49049010700,49049010700,"Census Tract 107, Utah County, Utah",4756,376
1400000US49049010900,49049010900,"Census Tract 109, Utah County, Utah",1383,294
1400000US49049980100,49049980100,"Census Tract 9801, Utah County, Utah",0,11
1400000US49051940500,49051940500,"Census Tract 9405, Wasatch County, Utah",9673,616
1400000US49051960100,49051960100,"Census Tract 9601, Wasatch County, Utah",4052,374
1400000US49051960200,49051960200,"Census Tract 9602, Wasatch County, Utah",6183,477
1400000US49051960400,49051960400,"Census Tract 9604, Wasatch County, Utah",5642,419
1400000US49053270100,49053270100,"Census Tract 2701, Washington County, Utah",9579,436
1400000US49053270200,49053270200,"Census Tract 2702, Washington County, Utah",3075,378
1400000US49053270300,49053270300,"Census Tract 2703, Washington County, Utah",8208,626
1400000US49053270400,49053270400,"Census Tract 2704, Washington County, Utah",6760,200
1400000US49053270500,49053270500,"Census Tract 2705, Washington County, Utah",7674,275
1400000US49053270600,49053270600,"Census Tract 2706, Washington County, Utah",7843,593
1400000US49053270700,49053270700,"Census Tract 2707, Washington County, Utah",9870,816
1400000US49053270801,49053270801,"Census Tract 2708.01, Washington County, Utah",14508,645
1400000US49053270802,49053270802,"Census Tract 2708.02, Washington County, Utah",6249,626
1400000US49053270901,49053270901,"Census Tract 2709.01, Washington County, Utah",3972,431
1400000US49053270902,49053270902,"Census Tract 2709.02, Washington County, Utah",10468,417
1400000US49053271000,49053271000,"Census Tract 2710, Washington County, Utah",4190,34
1400000US49053271100,49053271100,"Census Tract 2711, Washington County, Utah",9737,705
1400000US49053271200,49053271200,"Census Tract 2712, Washington County, Utah",3306,574
1400000US49053271300,49053271300,"Census Tract 2713, Washington County, Utah",3867,414
1400000US49053271400,49053271400,"Census Tract 2714, Washington County, Utah",3785,617
1400000US49053271500,49053271500,"Census Tract 2715, Washington County, Utah",6834,822
1400000US49053271600,49053271600,"Census Tract 2716, Washington County, Utah",6478,725
1400000US49053271701,49053271701,"Census Tract 2717.01, Washington County, Utah",9122,801
1400000US49053271702,49053271702,"Census Tract 2717.02, Washington County, Utah",5814,403
1400000US49053271800,49053271800,"Census Tract 2718, Washington County, Utah",3505,374
1400000US49055979100,49055979100,"Census Tract 9791, Wayne County, Utah",2742,*****
1400000US49057200100,49057200100,"Census Tract 2001, Weber County, Utah",4325,530
1400000US49057200202,49057200202,"Census Tract 2002.02, Weber County, Utah",3352,277
1400000US49057200203,49057200203,"Census Tract 2002.03, Weber County, Utah",5306,715
1400000US49057200204,49057200204,"Census Tract 2002.04, Weber County, Utah",4688,424
1400000US49057200300,49057200300,"Census Tract 2003, Weber County, Utah",6829,567
1400000US49057200400,49057200400,"Census Tract 2004, Weber County, Utah",1793,191
1400000US49057200500,49057200500,"Census Tract 2005, Weber County, Utah",6605,556
1400000US49057200600,49057200600,"Census Tract 2006, Weber County, Utah",4615,300
1400000US49057200700,49057200700,"Census Tract 2007, Weber County, Utah",3010,274
1400000US49057200800,49057200800,"Census Tract 2008, Weber County, Utah",4710,440
1400000US49057200900,49057200900,"Census Tract 2009, Weber County, Utah",3799,386
1400000US49057201100,49057201100,"Census Tract 2011, Weber County, Utah",1888,340
1400000US49057201200,49057201200,"Census Tract 2012, Weber County, Utah",2290,262
1400000US49057201301,49057201301,"Census Tract 2013.01, Weber County, Utah",2728,437
1400000US49057201302,49057201302,"Census Tract 2013.02, Weber County, Utah",3744,393
1400000US49057201400,49057201400,"Census Tract 2014, Weber County, Utah",3010,274
1400000US49057201500,49057201500,"Census Tract 2015, Weber County, Utah",4093,342
1400000US49057201600,49057201600,"Census Tract 2016, Weber County, Utah",4515,307
1400000US49057201700,49057201700,"Census Tract 2017, Weber County, Utah",3340,364
1400000US49057201800,49057201800,"Census Tract 2018, Weber County, Utah",1893,226
1400000US49057201900,49057201900,"Census Tract 2019, Weber County, Utah",1463,158
1400000US49057202000,49057202000,"Census Tract 2020, Weber County, Utah",5838,599
1400000US49057210100,49057210100,"Census Tract 2101, Weber County, Utah",7466,510
1400000US49057210201,49057210201,"Census Tract 2102.01, Weber County, Utah",4667,352
1400000US49057210203,49057210203,"Census Tract 2102.03, Weber County, Utah",2623,191
1400000US49057210204,49057210204,"Census Tract 2102.04, Weber County, Utah",4393,287
1400000US49057210302,49057210302,"Census Tract 2103.02, Weber County, Utah",8537,555
1400000US49057210303,49057210303,"Census Tract 2103.03, Weber County, Utah",6759,308
1400000US49057210304,49057210304,"Census Tract 2103.04, Weber County, Utah",3895,363
1400000US49057210402,49057210402,"Census Tract 2104.02, Weber County, Utah",6963,426
1400000US49057210403,49057210403,"Census Tract 2104.03, Weber County, Utah",7970,320
1400000US49057210404,49057210404,"Census Tract 2104.04, Weber County, Utah",1879,272
1400000US49057210504,49057210504,"Census Tract 2105.04, Weber County, Utah",8886,274
1400000US49057210505,49057210505,"Census Tract 2105.05, Weber County, Utah",7525,544
1400000US49057210506,49057210506,"Census Tract 2105.06, Weber County, Utah",11487,595
1400000US49057210508,49057210508,"Census Tract 2105.08, Weber County, Utah",2280,176
1400000US49057210509,49057210509,"Census Tract 2105.09, Weber County, Utah",4698,337
1400000US49057210510,49057210510,"Census Tract 2105.10, Weber County, Utah",3654,256
1400000US49057210511,49057210511,"Census Tract 2105.11, Weber County, Utah",3957,297
1400000US49057210512,49057210512,"Census Tract 2105.12, Weber County, Utah",4575,295
1400000US49057210600,49057210600,"Census Tract 2106, Weber County, Utah",6612,487
1400000US49057210701,49057210701,"Census Tract 2107.01, Weber County, Utah",5629,496
1400000US49057210703,49057210703,"Census Tract 2107.03, Weber County, Utah",2511,235
1400000US49057210704,49057210704,"Census Tract 2107.04, Weber County, Utah",5743,387
1400000US49057210800,49057210800,"Census Tract 2108, Weber County, Utah",3036,391
1400000US49057210900,49057210900,"Census Tract 2109, Weber County, Utah",6904,415
1400000US49057211000,49057211000,"Census Tract 2110, Weber County, Utah",3320,240
1400000US49057211100,49057211100,"Census Tract 2111, Weber County, Utah",5310,288
1400000US49057211201,49057211201,"Census Tract 2112.01, Weber County, Utah",4305,272
1400000US49057211202,49057211202,"Census Tract 2112.02, Weber County, Utah",6889,536
